ID_Mahasiswa,NIM,Nama_Mahasiswa,Status,Nama_Prodi,StartDate,EndDate,IsCurrent,ID_Prodi,,
1,12301001,Tono Santoso,Aktif,Sains Data,2025-11-24 22:07:15,,1,1,,
2,12102001,Indra Sihombing,Drop Out,Matematika,2025-11-24 22:07:15,,1,2,,108
3,12003001,Agus Hutabarat,Aktif,Fisika,2025-11-24 22:07:15,,1,3,,108
4,12304001,Clara Mahendra,Cuti,Kimia,2025-11-24 22:07:15,,1,5,,118
5,12305001,Maria Nainggolan,Lulus,Biologi,2025-11-24 22:07:15,,1,4,,135
6,12406001,Lestari Lestari,Aktif,Farmasi,2025-11-24 22:07:15,,1,6,,139
7,12407001,Dewi Siregar,Cuti,Sains Lingkungan Kelautan,2025-11-24 22:07:15,,1,7,,
8,12408001,Galih Wibowo,Cuti,Sains Atmosfer Keplanetan,2025-11-24 22:07:15,,1,8,,
9,12009001,Maria Hutabarat,Aktif,Sains Aktuaria,2025-11-24 22:07:15,,1,9,,
10,12401002,Lestari Pratama,Drop Out,Sains Data,2025-11-24 22:07:15,,1,1,,
11,12202002,Galih Pratama,Cuti,Matematika,2025-11-24 22:07:15,,1,2,,
12,12103002,Hadi Gunawan,Drop Out,Fisika,2025-11-24 22:07:15,,1,3,,
13,12204002,Evi Pratama,Cuti,Kimia,2025-11-24 22:07:15,,1,5,,
14,12005002,Hadi Siregar,Lulus,Biologi,2025-11-24 22:07:15,,1,4,,
15,12006002,Nanda Susanto,Lulus,Farmasi,2025-11-24 22:07:15,,1,6,,
16,12107002,Citra Anggraini,Lulus,Sains Lingkungan Kelautan,2025-11-24 22:07:15,,1,7,,
17,12008002,Ahmad Wijaya,Drop Out,Sains Atmosfer Keplanetan,2025-11-24 22:07:15,,1,8,,
18,12409002,Eka Hutapea,Drop Out,Sains Aktuaria,2025-11-24 22:07:15,,1,9,,
19,12201003,Yusuf Saputra,Lulus,Sains Data,2025-11-24 22:07:15,,1,1,,
20,12202003,Hadi Hutapea,Lulus,Matematika,2025-11-24 22:07:15,,1,2,,
21,12303003,Indra Santoso,Cuti,Fisika,2025-11-24 22:07:15,,1,3,,
22,12104003,Galih Hutabarat,Drop Out,Kimia,2025-11-24 22:07:15,,1,5,,
23,12405003,Nanda Wijaya,Drop Out,Biologi,2025-11-24 22:07:15,,1,4,,
24,12106003,Yusuf Gunawan,Cuti,Farmasi,2025-11-24 22:07:15,,1,6,,
25,12107003,Putri Gunawan,Lulus,Sains Lingkungan Kelautan,2025-11-24 22:07:15,,1,7,,
26,12008003,Bayu Setiawan,Drop Out,Sains Atmosfer Keplanetan,2025-11-24 22:07:15,,1,8,,
27,12309003,Utami Siregar,Drop Out,Sains Aktuaria,2025-11-24 22:07:15,,1,9,,
28,12201004,Tono Sihombing,Drop Out,Sains Data,2025-11-24 22:07:15,,1,1,,
29,12002004,Fajar Mahendra,Drop Out,Matematika,2025-11-24 22:07:15,,1,2,,
30,12003004,Lestari Santoso,Aktif,Fisika,2025-11-24 22:07:15,,1,3,,
31,12104004,Sari Siregar,Drop Out,Kimia,2025-11-24 22:07:15,,1,5,,
32,12005004,Lestari Mahendra,Lulus,Biologi,2025-11-24 22:07:15,,1,4,,
33,12306004,Fajar Hutabarat,Lulus,Farmasi,2025-11-24 22:07:15,,1,6,,
34,12307004,Maria Nasution,Aktif,Sains Lingkungan Kelautan,2025-11-24 22:07:15,,1,7,,
35,12408004,Budi Susanto,Aktif,Sains Atmosfer Keplanetan,2025-11-24 22:07:15,,1,8,,
36,12309004,Yusuf Anggraini,Lulus,Sains Aktuaria,2025-11-24 22:07:15,,1,9,,
37,12201005,Dewi Purwanto,Lulus,Sains Data,2025-11-24 22:07:15,,1,1,,
38,12102005,Fajar Mahendra,Lulus,Matematika,2025-11-24 22:07:15,,1,2,,
39,12103005,Fajar Wibowo,Cuti,Fisika,2025-11-24 22:07:15,,1,3,,
40,12204005,Fajar Wibowo,Drop Out,Kimia,2025-11-24 22:07:15,,1,5,,
41,12005005,Fina Simanjuntak,Lulus,Biologi,2025-11-24 22:07:15,,1,4,,
42,12306005,Bayu Wijaya,Lulus,Farmasi,2025-11-24 22:07:15,,1,6,,
43,12107005,Fina Wijaya,Cuti,Sains Lingkungan Kelautan,2025-11-24 22:07:15,,1,7,,
44,12408005,Agus Mahendra,Drop Out,Sains Atmosfer Keplanetan,2025-11-24 22:07:15,,1,8,,
45,12009005,Ika Wijaya,Drop Out,Sains Aktuaria,2025-11-24 22:07:15,,1,9,,
46,12001006,Budi Simanjuntak,Cuti,Sains Data,2025-11-24 22:07:15,,1,1,,
47,12202006,Eka Susanto,Drop Out,Matematika,2025-11-24 22:07:15,,1,2,,
48,12303006,Clara Mahendra,Cuti,Fisika,2025-11-24 22:07:15,,1,3,,
49,12204006,Dewi Hutapea,Drop Out,Kimia,2025-11-24 22:07:15,,1,5,,
50,12405006,Citra Sihombing,Cuti,Biologi,2025-11-24 22:07:15,,1,4,,
51,12206006,Damar Sihombing,Aktif,Farmasi,2025-11-24 22:07:15,,1,6,,
52,12107006,Ika Susanto,Drop Out,Sains Lingkungan Kelautan,2025-11-24 22:07:15,,1,7,,
53,12208006,Joko Tambunan,Cuti,Sains Atmosfer Keplanetan,2025-11-24 22:07:15,,1,8,,
54,12409006,Dewi Wibowo,Cuti,Sains Aktuaria,2025-11-24 22:07:15,,1,9,,
55,12301007,Ahmad Lestari,Aktif,Sains Data,2025-11-24 22:07:15,,1,1,,
56,12302007,Jihan Mahendra,Aktif,Matematika,2025-11-24 22:07:15,,1,2,,
57,12403007,Ika Hutapea,Lulus,Fisika,2025-11-24 22:07:15,,1,3,,
58,12304007,Bayu Wibowo,Lulus,Kimia,2025-11-24 22:07:15,,1,5,,
59,12005007,Indra Hutapea,Lulus,Biologi,2025-11-24 22:07:15,,1,4,,
60,12106007,Joko Gunawan,Drop Out,Farmasi,2025-11-24 22:07:15,,1,6,,
61,12007007,Joko Saputra,Aktif,Sains Lingkungan Kelautan,2025-11-24 22:07:15,,1,7,,
62,12108007,Evi Lestari,Cuti,Sains Atmosfer Keplanetan,2025-11-24 22:07:15,,1,8,,
63,12109007,Evi Tambunan,Cuti,Sains Aktuaria,2025-11-24 22:07:15,,1,9,,
64,12001008,Sari Setiawan,Drop Out,Sains Data,2025-11-24 22:07:15,,1,1,,
65,12002008,Damar Nainggolan,Lulus,Matematika,2025-11-24 22:07:15,,1,2,,
66,12403008,Lestari Simanjuntak,Cuti,Fisika,2025-11-24 22:07:15,,1,3,,
67,12104008,Budi Anggraini,Lulus,Kimia,2025-11-24 22:07:15,,1,5,,
68,12105008,Lestari Purwanto,Lulus,Biologi,2025-11-24 22:07:15,,1,4,,
69,12006008,Sari Simanjuntak,Aktif,Farmasi,2025-11-24 22:07:15,,1,6,,
70,12207008,Agus Anggraini,Aktif,Sains Lingkungan Kelautan,2025-11-24 22:07:15,,1,7,,
71,12008008,Sari Simanjuntak,Aktif,Sains Atmosfer Keplanetan,2025-11-24 22:07:15,,1,8,,
72,12409008,Evi Mahendra,Aktif,Sains Aktuaria,2025-11-24 22:07:15,,1,9,,
73,12401009,Jihan Susanto,Drop Out,Sains Data,2025-11-24 22:07:15,,1,1,,
74,12302009,Indra Siregar,Drop Out,Matematika,2025-11-24 22:07:15,,1,2,,
75,12303009,Agus Tambunan,Aktif,Fisika,2025-11-24 22:07:15,,1,3,,
76,12204009,Rizky Lestari,Cuti,Kimia,2025-11-24 22:07:15,,1,5,,
77,12005009,Utami Hutapea,Drop Out,Biologi,2025-11-24 22:07:15,,1,4,,
78,12206009,Evi Setiawan,Lulus,Farmasi,2025-11-24 22:07:15,,1,6,,
79,12207009,Kartika Siregar,Cuti,Sains Lingkungan Kelautan,2025-11-24 22:07:15,,1,7,,
80,12408009,Indra Susanto,Cuti,Sains Atmosfer Keplanetan,2025-11-24 22:07:15,,1,8,,
81,12209009,Indra Nainggolan,Cuti,Sains Aktuaria,2025-11-24 22:07:15,,1,9,,
82,12301010,Budi Lestari,Aktif,Sains Data,2025-11-24 22:07:15,,1,1,,
83,12102010,Kartika Susanto,Cuti,Matematika,2025-11-24 22:07:15,,1,2,,
84,12203010,Jihan Wibowo,Cuti,Fisika,2025-11-24 22:07:15,,1,3,,
85,12104010,Budi Lestari,Drop Out,Kimia,2025-11-24 22:07:15,,1,5,,
86,12405010,Fajar Simanjuntak,Drop Out,Biologi,2025-11-24 22:07:15,,1,4,,
87,12406010,Kartika Hutabarat,Drop Out,Farmasi,2025-11-24 22:07:15,,1,6,,
88,12207010,Dewi Susanto,Cuti,Sains Lingkungan Kelautan,2025-11-24 22:07:15,,1,7,,
89,12308010,Putri Saputra,Aktif,Sains Atmosfer Keplanetan,2025-11-24 22:07:15,,1,8,,
90,12409010,Evi Mahendra,Lulus,Sains Aktuaria,2025-11-24 22:07:15,,1,9,,
91,12301011,Kartika Santoso,Drop Out,Sains Data,2025-11-24 22:07:15,,1,1,,
92,12002011,Fina Simanjuntak,Aktif,Matematika,2025-11-24 22:07:15,,1,2,,
93,12203011,Rizky Wijaya,Cuti,Fisika,2025-11-24 22:07:15,,1,3,,
94,12004011,Putri Lestari,Cuti,Kimia,2025-11-24 22:07:15,,1,5,,
95,12005011,Hari Pratama,Cuti,Biologi,2025-11-24 22:07:15,,1,4,,
96,12206011,Agus Hutapea,Lulus,Farmasi,2025-11-24 22:07:15,,1,6,,
97,12007011,Agus Wibowo,Drop Out,Sains Lingkungan Kelautan,2025-11-24 22:07:15,,1,7,,
98,12208011,Yusuf Mahendra,Cuti,Sains Atmosfer Keplanetan,2025-11-24 22:07:15,,1,8,,
99,12409011,Tono Mahendra,Cuti,Sains Aktuaria,2025-11-24 22:07:15,,1,9,,
100,12001012,Ika Mahendra,Aktif,Sains Data,2025-11-24 22:07:15,,1,1,,
101,12002012,Fajar Hutabarat,Drop Out,Matematika,2025-11-24 22:07:15,,1,2,,
102,12403012,Jihan Pratama,Lulus,Fisika,2025-11-24 22:07:15,,1,3,,
103,12204012,Agus Hutabarat,Cuti,Kimia,2025-11-24 22:07:15,,1,5,,
104,12105012,Dewi Wijaya,Aktif,Biologi,2025-11-24 22:07:15,,1,4,,
105,12206012,Gita Nasution,Aktif,Farmasi,2025-11-24 22:07:15,,1,6,,
106,12107012,Nanda Wibowo,Drop Out,Sains Lingkungan Kelautan,2025-11-24 22:07:15,,1,7,,
107,12408012,Dewi Lestari,Cuti,Sains Atmosfer Keplanetan,2025-11-24 22:07:15,,1,8,,
108,12209012,Kartika Wibowo,Cuti,Sains Aktuaria,2025-11-24 22:07:15,,1,9,,
109,12201013,Fajar Setiawan,Drop Out,Sains Data,2025-11-24 22:07:15,,1,1,,
110,12202013,Fina Lestari,Cuti,Matematika,2025-11-24 22:07:15,,1,2,,
111,12203013,Bayu Tambunan,Lulus,Fisika,2025-11-24 22:07:15,,1,3,,
112,12104013,Rizky Setiawan,Cuti,Kimia,2025-11-24 22:07:15,,1,5,,
113,12105013,Eka Wijaya,Lulus,Biologi,2025-11-24 22:07:15,,1,4,,
114,12106013,Kartika Anggraini,Lulus,Farmasi,2025-11-24 22:07:15,,1,6,,
115,12307013,Hadi Anggraini,Drop Out,Sains Lingkungan Kelautan,2025-11-24 22:07:15,,1,7,,
116,12308013,Agus Lestari,Aktif,Sains Atmosfer Keplanetan,2025-11-24 22:07:15,,1,8,,
117,12109013,Bayu Lestari,Lulus,Sains Aktuaria,2025-11-24 22:07:15,,1,9,,
118,12001014,Tono Wibowo,Cuti,Sains Data,2025-11-24 22:07:15,,1,1,,
119,12102014,Sari Siregar,Drop Out,Matematika,2025-11-24 22:07:15,,1,2,,
120,12103014,Jihan Purwanto,Aktif,Fisika,2025-11-24 22:07:15,,1,3,,
121,12004014,Lestari Lestari,Drop Out,Kimia,2025-11-24 22:07:15,,1,5,,
122,12105014,Maria Hutapea,Cuti,Biologi,2025-11-24 22:07:15,,1,4,,
123,12406014,Rizky Lestari,Aktif,Farmasi,2025-11-24 22:07:15,,1,6,,
124,12407014,Budi Simanjuntak,Aktif,Sains Lingkungan Kelautan,2025-11-24 22:07:15,,1,7,,
125,12408014,Ahmad Mahendra,Cuti,Sains Atmosfer Keplanetan,2025-11-24 22:07:15,,1,8,,
126,12309014,Budi Nainggolan,Cuti,Sains Aktuaria,2025-11-24 22:07:15,,1,9,,
127,12001015,Fajar Anggraini,Cuti,Sains Data,2025-11-24 22:07:15,,1,1,,
128,12002015,Joko Saputra,Cuti,Matematika,2025-11-24 22:07:15,,1,2,,
129,12403015,Rizky Susanto,Drop Out,Fisika,2025-11-24 22:07:15,,1,3,,
130,12004015,Budi Anggraini,Drop Out,Kimia,2025-11-24 22:07:15,,1,5,,
131,12405015,Yusuf Lestari,Drop Out,Biologi,2025-11-24 22:07:15,,1,4,,
132,12406015,Maria Lestari,Drop Out,Farmasi,2025-11-24 22:07:15,,1,6,,
133,12107015,Ahmad Purwanto,Drop Out,Sains Lingkungan Kelautan,2025-11-24 22:07:15,,1,7,,
134,12308015,Jihan Hutabarat,Cuti,Sains Atmosfer Keplanetan,2025-11-24 22:07:15,,1,8,,
135,12209015,Sari Wibowo,Drop Out,Sains Aktuaria,2025-11-24 22:07:15,,1,9,,
136,12401016,Ika Tambunan,Aktif,Sains Data,2025-11-24 22:07:15,,1,1,,
137,12102016,Evi Hutapea,Cuti,Matematika,2025-11-24 22:07:15,,1,2,,
138,12103016,Budi Saputra,Drop Out,Fisika,2025-11-24 22:07:15,,1,3,,
139,12304016,Dewi Gunawan,Lulus,Kimia,2025-11-24 22:07:15,,1,5,,
140,12305016,Dewi Tambunan,Aktif,Biologi,2025-11-24 22:07:15,,1,4,,
141,12406016,Bayu Setiawan,Lulus,Farmasi,2025-11-24 22:07:15,,1,6,,
142,12307016,Eka Wibowo,Lulus,Sains Lingkungan Kelautan,2025-11-24 22:07:15,,1,7,,
143,12108016,Eka Gunawan,Aktif,Sains Atmosfer Keplanetan,2025-11-24 22:07:15,,1,8,,
144,12009016,Nanda Setiawan,Drop Out,Sains Aktuaria,2025-11-24 22:07:15,,1,9,,
145,12001017,Putri Anggraini,Aktif,Sains Data,2025-11-24 22:07:15,,1,1,,
146,12102017,Putri Gunawan,Lulus,Matematika,2025-11-24 22:07:15,,1,2,,
147,12003017,Indra Nainggolan,Drop Out,Fisika,2025-11-24 22:07:15,,1,3,,
148,12004017,Dewi Sihombing,Drop Out,Kimia,2025-11-24 22:07:15,,1,5,,
149,12205017,Maria Nasution,Aktif,Biologi,2025-11-24 22:07:15,,1,4,,
150,12006017,Citra Wibowo,Lulus,Farmasi,2025-11-24 22:07:15,,1,6,,
151,12207017,Agus Mahendra,Cuti,Sains Lingkungan Kelautan,2025-11-24 22:07:15,,1,7,,
152,12008017,Clara Tambunan,Aktif,Sains Atmosfer Keplanetan,2025-11-24 22:07:15,,1,8,,
153,12409017,Indra Sihombing,Cuti,Sains Aktuaria,2025-11-24 22:07:15,,1,9,,
154,12401018,Tono Susanto,Lulus,Sains Data,2025-11-24 22:07:15,,1,1,,
155,12102018,Ahmad Simanjuntak,Drop Out,Matematika,2025-11-24 22:07:15,,1,2,,
156,12103018,Utami Simanjuntak,Cuti,Fisika,2025-11-24 22:07:15,,1,3,,
157,12204018,Ika Setiawan,Lulus,Kimia,2025-11-24 22:07:15,,1,5,,
158,12405018,Citra Anggraini,Lulus,Biologi,2025-11-24 22:07:15,,1,4,,
159,12306018,Gita Santoso,Drop Out,Farmasi,2025-11-24 22:07:15,,1,6,,
160,12307018,Utami Hutabarat,Lulus,Sains Lingkungan Kelautan,2025-11-24 22:07:15,,1,7,,
161,12208018,Hari Pratama,Drop Out,Sains Atmosfer Keplanetan,2025-11-24 22:07:15,,1,8,,
162,12409018,Gita Mahendra,Lulus,Sains Aktuaria,2025-11-24 22:07:15,,1,9,,
163,12201019,Clara Nainggolan,Lulus,Sains Data,2025-11-24 22:07:15,,1,1,,
164,12102019,Jihan Nainggolan,Aktif,Matematika,2025-11-24 22:07:15,,1,2,,
165,12403019,Joko Lestari,Drop Out,Fisika,2025-11-24 22:07:15,,1,3,,
166,12204019,Lestari Purwanto,Drop Out,Kimia,2025-11-24 22:07:15,,1,5,,
167,12105019,Indra Simanjuntak,Lulus,Biologi,2025-11-24 22:07:15,,1,4,,
168,12406019,Rizky Pratama,Drop Out,Farmasi,2025-11-24 22:07:15,,1,6,,
169,12007019,Evi Nainggolan,Aktif,Sains Lingkungan Kelautan,2025-11-24 22:07:15,,1,7,,
170,12008019,Fina Nasution,Cuti,Sains Atmosfer Keplanetan,2025-11-24 22:07:15,,1,8,,
171,12309019,Sari Pratama,Aktif,Sains Aktuaria,2025-11-24 22:07:15,,1,9,,
172,12401020,Eka Santoso,Aktif,Sains Data,2025-11-24 22:07:15,,1,1,,
173,12302020,Nanda Pratama,Drop Out,Matematika,2025-11-24 22:07:15,,1,2,,
174,12403020,Tono Santoso,Aktif,Fisika,2025-11-24 22:07:15,,1,3,,
175,12204020,Kartika Saputra,Drop Out,Kimia,2025-11-24 22:07:15,,1,5,,
176,12405020,Galih Nainggolan,Aktif,Biologi,2025-11-24 22:07:15,,1,4,,
177,12006020,Jihan Simanjuntak,Lulus,Farmasi,2025-11-24 22:07:15,,1,6,,
178,12007020,Yusuf Susanto,Aktif,Sains Lingkungan Kelautan,2025-11-24 22:07:15,,1,7,,
179,12408020,Fajar Nasution,Drop Out,Sains Atmosfer Keplanetan,2025-11-24 22:07:15,,1,8,,
180,12409020,Ika Sihombing,Cuti,Sains Aktuaria,2025-11-24 22:07:15,,1,9,,
181,12101021,Eka Gunawan,Cuti,Sains Data,2025-11-24 22:07:15,,1,1,,
182,12102021,Budi Mahendra,Cuti,Matematika,2025-11-24 22:07:15,,1,2,,
183,12403021,Agus Mahendra,Aktif,Fisika,2025-11-24 22:07:15,,1,3,,
184,12404021,Galih Gunawan,Aktif,Kimia,2025-11-24 22:07:15,,1,5,,
185,12405021,Damar Saputra,Aktif,Biologi,2025-11-24 22:07:15,,1,4,,
186,12406021,Tono Sihombing,Cuti,Farmasi,2025-11-24 22:07:15,,1,6,,
187,12007021,Citra Anggraini,Cuti,Sains Lingkungan Kelautan,2025-11-24 22:07:15,,1,7,,
188,12108021,Lestari Susanto,Aktif,Sains Atmosfer Keplanetan,2025-11-24 22:07:15,,1,8,,
189,12209021,Kartika Mahendra,Drop Out,Sains Aktuaria,2025-11-24 22:07:15,,1,9,,
190,12101022,Maria Tambunan,Cuti,Sains Data,2025-11-24 22:07:15,,1,1,,
191,12302022,Tono Mahendra,Aktif,Matematika,2025-11-24 22:07:15,,1,2,,
192,12103022,Yusuf Santoso,Drop Out,Fisika,2025-11-24 22:07:15,,1,3,,
193,12404022,Indra Gunawan,Aktif,Kimia,2025-11-24 22:07:15,,1,5,,
194,12405022,Putri Nasution,Aktif,Biologi,2025-11-24 22:07:15,,1,4,,
195,12206022,Rizky Nasution,Cuti,Farmasi,2025-11-24 22:07:15,,1,6,,
196,12207022,Indra Simanjuntak,Cuti,Sains Lingkungan Kelautan,2025-11-24 22:07:15,,1,7,,
197,12108022,Clara Siregar,Drop Out,Sains Atmosfer Keplanetan,2025-11-24 22:07:15,,1,8,,
198,12409022,Hari Sihombing,Cuti,Sains Aktuaria,2025-11-24 22:07:15,,1,9,,
199,12201023,Damar Hutapea,Lulus,Sains Data,2025-11-24 22:07:15,,1,1,,
200,12202023,Gita Sihombing,Drop Out,Matematika,2025-11-24 22:07:15,,1,2,,
201,12203023,Kartika Gunawan,Lulus,Fisika,2025-11-24 22:07:15,,1,3,,
202,12304023,Galih Mahendra,Drop Out,Kimia,2025-11-24 22:07:15,,1,5,,
203,12405023,Evi Setiawan,Aktif,Biologi,2025-11-24 22:07:15,,1,4,,
204,12106023,Putri Setiawan,Lulus,Farmasi,2025-11-24 22:07:15,,1,6,,
205,12007023,Galih Sihombing,Cuti,Sains Lingkungan Kelautan,2025-11-24 22:07:15,,1,7,,
206,12208023,Maria Mahendra,Aktif,Sains Atmosfer Keplanetan,2025-11-24 22:07:15,,1,8,,
207,12309023,Hari Nasution,Cuti,Sains Aktuaria,2025-11-24 22:07:15,,1,9,,
208,12201024,Nanda Wijaya,Aktif,Sains Data,2025-11-24 22:07:15,,1,1,,
209,12102024,Nanda Siregar,Lulus,Matematika,2025-11-24 22:07:15,,1,2,,
210,12203024,Damar Pratama,Cuti,Fisika,2025-11-24 22:07:15,,1,3,,
211,12404024,Kartika Hutabarat,Drop Out,Kimia,2025-11-24 22:07:15,,1,5,,
212,12205024,Nanda Purwanto,Cuti,Biologi,2025-11-24 22:07:15,,1,4,,
213,12106024,Hadi Gunawan,Cuti,Farmasi,2025-11-24 22:07:15,,1,6,,
214,12007024,Jihan Sihombing,Lulus,Sains Lingkungan Kelautan,2025-11-24 22:07:15,,1,7,,
215,12308024,Indra Saputra,Drop Out,Sains Atmosfer Keplanetan,2025-11-24 22:07:15,,1,8,,
216,12409024,Putri Santoso,Drop Out,Sains Aktuaria,2025-11-24 22:07:15,,1,9,,
217,12201025,Jihan Setiawan,Cuti,Sains Data,2025-11-24 22:07:15,,1,1,,
218,12102025,Fajar Nasution,Lulus,Matematika,2025-11-24 22:07:15,,1,2,,
219,12303025,Fajar Hutabarat,Drop Out,Fisika,2025-11-24 22:07:15,,1,3,,
220,12404025,Sari Pratama,Cuti,Kimia,2025-11-24 22:07:15,,1,5,,
221,12105025,Evi Sihombing,Drop Out,Biologi,2025-11-24 22:07:15,,1,4,,
222,12206025,Budi Siregar,Cuti,Farmasi,2025-11-24 22:07:15,,1,6,,
223,12007025,Indra Lestari,Drop Out,Sains Lingkungan Kelautan,2025-11-24 22:07:15,,1,7,,
224,12308025,Gita Sihombing,Aktif,Sains Atmosfer Keplanetan,2025-11-24 22:07:15,,1,8,,
225,12409025,Putri Siregar,Cuti,Sains Aktuaria,2025-11-24 22:07:15,,1,9,,
226,12101026,Joko Tambunan,Lulus,Sains Data,2025-11-24 22:07:15,,1,1,,
227,12102026,Ahmad Purwanto,Aktif,Matematika,2025-11-24 22:07:15,,1,2,,
228,12103026,Eka Santoso,Aktif,Fisika,2025-11-24 22:07:15,,1,3,,
229,12004026,Hadi Setiawan,Cuti,Kimia,2025-11-24 22:07:15,,1,5,,
230,12005026,Kartika Anggraini,Lulus,Biologi,2025-11-24 22:07:15,,1,4,,
231,12206026,Citra Tambunan,Aktif,Farmasi,2025-11-24 22:07:15,,1,6,,
232,12107026,Nanda Setiawan,Aktif,Sains Lingkungan Kelautan,2025-11-24 22:07:15,,1,7,,
233,12308026,Rizky Tambunan,Cuti,Sains Atmosfer Keplanetan,2025-11-24 22:07:15,,1,8,,
234,12009026,Putri Pratama,Lulus,Sains Aktuaria,2025-11-24 22:07:15,,1,9,,
235,12401027,Evi Tambunan,Lulus,Sains Data,2025-11-24 22:07:15,,1,1,,
236,12302027,Citra Wijaya,Aktif,Matematika,2025-11-24 22:07:15,,1,2,,
237,12403027,Gita Nasution,Drop Out,Fisika,2025-11-24 22:07:15,,1,3,,
238,12204027,Jihan Pratama,Cuti,Kimia,2025-11-24 22:07:15,,1,5,,
239,12405027,Tono Gunawan,Cuti,Biologi,2025-11-24 22:07:15,,1,4,,
240,12406027,Clara Lestari,Lulus,Farmasi,2025-11-24 22:07:15,,1,6,,
241,12207027,Budi Pratama,Cuti,Sains Lingkungan Kelautan,2025-11-24 22:07:15,,1,7,,
242,12208027,Agus Pratama,Cuti,Sains Atmosfer Keplanetan,2025-11-24 22:07:15,,1,8,,
243,12109027,Yusuf Susanto,Aktif,Sains Aktuaria,2025-11-24 22:07:15,,1,9,,
244,12101028,Citra Sihombing,Cuti,Sains Data,2025-11-24 22:07:15,,1,1,,
245,12102028,Evi Nainggolan,Drop Out,Matematika,2025-11-24 22:07:15,,1,2,,
246,12203028,Ika Nasution,Lulus,Fisika,2025-11-24 22:07:15,,1,3,,
247,12404028,Dewi Nasution,Aktif,Kimia,2025-11-24 22:07:15,,1,5,,
248,12405028,Joko Lestari,Cuti,Biologi,2025-11-24 22:07:15,,1,4,,
249,12006028,Gita Tambunan,Cuti,Farmasi,2025-11-24 22:07:15,,1,6,,
250,12007028,Yusuf Lestari,Aktif,Sains Lingkungan Kelautan,2025-11-24 22:07:15,,1,7,,
251,12108028,Damar Santoso,Lulus,Sains Atmosfer Keplanetan,2025-11-24 22:07:15,,1,8,,
252,12309028,Bayu Nainggolan,Lulus,Sains Aktuaria,2025-11-24 22:07:15,,1,9,,
253,12001029,Lestari Pratama,Drop Out,Sains Data,2025-11-24 22:07:15,,1,1,,
254,12202029,Dewi Anggraini,Lulus,Matematika,2025-11-24 22:07:15,,1,2,,
255,12203029,Sari Susanto,Cuti,Fisika,2025-11-24 22:07:15,,1,3,,
256,12104029,Hari Sihombing,Lulus,Kimia,2025-11-24 22:07:15,,1,5,,
257,12205029,Clara Saputra,Lulus,Biologi,2025-11-24 22:07:15,,1,4,,
258,12306029,Galih Purwanto,Cuti,Farmasi,2025-11-24 22:07:15,,1,6,,
259,12207029,Utami Sihombing,Drop Out,Sains Lingkungan Kelautan,2025-11-24 22:07:15,,1,7,,
260,12408029,Hadi Lestari,Cuti,Sains Atmosfer Keplanetan,2025-11-24 22:07:15,,1,8,,
261,12109029,Rizky Gunawan,Drop Out,Sains Aktuaria,2025-11-24 22:07:15,,1,9,,
262,12101030,Hadi Saputra,Drop Out,Sains Data,2025-11-24 22:07:15,,1,1,,
263,12202030,Dewi Purwanto,Lulus,Matematika,2025-11-24 22:07:15,,1,2,,
264,12103030,Indra Siregar,Cuti,Fisika,2025-11-24 22:07:15,,1,3,,
265,12404030,Ika Setiawan,Drop Out,Kimia,2025-11-24 22:07:15,,1,5,,
266,12205030,Hari Nasution,Lulus,Biologi,2025-11-24 22:07:15,,1,4,,
267,12306030,Putri Susanto,Aktif,Farmasi,2025-11-24 22:07:15,,1,6,,
268,12107030,Eka Gunawan,Cuti,Sains Lingkungan Kelautan,2025-11-24 22:07:15,,1,7,,
269,12008030,Kartika Mahendra,Aktif,Sains Atmosfer Keplanetan,2025-11-24 22:07:15,,1,8,,
270,12209030,Eka Nasution,Aktif,Sains Aktuaria,2025-11-24 22:07:15,,1,9,,
271,12201031,Utami Nainggolan,Cuti,Sains Data,2025-11-24 22:07:15,,1,1,,
272,12002031,Rizky Saputra,Cuti,Matematika,2025-11-24 22:07:15,,1,2,,
273,12203031,Indra Setiawan,Aktif,Fisika,2025-11-24 22:07:15,,1,3,,
274,12104031,Clara Anggraini,Drop Out,Kimia,2025-11-24 22:07:15,,1,5,,
275,12305031,Ika Pratama,Lulus,Biologi,2025-11-24 22:07:15,,1,4,,
276,12306031,Dewi Simanjuntak,Cuti,Farmasi,2025-11-24 22:07:15,,1,6,,
277,12207031,Nanda Mahendra,Drop Out,Sains Lingkungan Kelautan,2025-11-24 22:07:15,,1,7,,
278,12308031,Sari Pratama,Cuti,Sains Atmosfer Keplanetan,2025-11-24 22:07:15,,1,8,,
279,12309031,Joko Hutabarat,Lulus,Sains Aktuaria,2025-11-24 22:07:15,,1,9,,
280,12401032,Ika Sihombing,Cuti,Sains Data,2025-11-24 22:07:15,,1,1,,
281,12202032,Hari Sihombing,Lulus,Matematika,2025-11-24 22:07:15,,1,2,,
282,12403032,Gita Saputra,Lulus,Fisika,2025-11-24 22:07:15,,1,3,,
283,12004032,Kartika Tambunan,Aktif,Kimia,2025-11-24 22:07:15,,1,5,,
284,12305032,Kartika Lestari,Drop Out,Biologi,2025-11-24 22:07:15,,1,4,,
285,12006032,Dewi Simanjuntak,Aktif,Farmasi,2025-11-24 22:07:15,,1,6,,
286,12007032,Tono Siregar,Drop Out,Sains Lingkungan Kelautan,2025-11-24 22:07:15,,1,7,,
287,12408032,Eka Wibowo,Drop Out,Sains Atmosfer Keplanetan,2025-11-24 22:07:15,,1,8,,
288,12409032,Budi Pratama,Aktif,Sains Aktuaria,2025-11-24 22:07:15,,1,9,,
289,12401033,Kartika Hutapea,Cuti,Sains Data,2025-11-24 22:07:15,,1,1,,
290,12002033,Maria Hutabarat,Cuti,Matematika,2025-11-24 22:07:15,,1,2,,
291,12203033,Ika Santoso,Drop Out,Fisika,2025-11-24 22:07:15,,1,3,,
292,12104033,Bayu Siregar,Drop Out,Kimia,2025-11-24 22:07:15,,1,5,,
293,12005033,Joko Nainggolan,Lulus,Biologi,2025-11-24 22:07:15,,1,4,,
294,12306033,Ahmad Siregar,Aktif,Farmasi,2025-11-24 22:07:15,,1,6,,
295,12407033,Kartika Nainggolan,Aktif,Sains Lingkungan Kelautan,2025-11-24 22:07:15,,1,7,,
296,12008033,Fina Hutapea,Drop Out,Sains Atmosfer Keplanetan,2025-11-24 22:07:15,,1,8,,
297,12309033,Yusuf Simanjuntak,Aktif,Sains Aktuaria,2025-11-24 22:07:15,,1,9,,
298,12001034,Kartika Wijaya,Lulus,Sains Data,2025-11-24 22:07:15,,1,1,,
299,12002034,Lestari Hutabarat,Cuti,Matematika,2025-11-24 22:07:15,,1,2,,
300,12003034,Yusuf Setiawan,Drop Out,Fisika,2025-11-24 22:07:15,,1,3,,
301,12004034,Sari Siregar,Lulus,Kimia,2025-11-24 22:07:15,,1,5,,
302,12305034,Dewi Hutabarat,Drop Out,Biologi,2025-11-24 22:07:15,,1,4,,
303,12306034,Nanda Lestari,Lulus,Farmasi,2025-11-24 22:07:15,,1,6,,
304,12307034,Utami Sihombing,Lulus,Sains Lingkungan Kelautan,2025-11-24 22:07:15,,1,7,,
305,12108034,Damar Anggraini,Drop Out,Sains Atmosfer Keplanetan,2025-11-24 22:07:15,,1,8,,
306,12309034,Evi Mahendra,Lulus,Sains Aktuaria,2025-11-24 22:07:15,,1,9,,
307,12401035,Bayu Simanjuntak,Cuti,Sains Data,2025-11-24 22:07:15,,1,1,,
308,12302035,Gita Pratama,Aktif,Matematika,2025-11-24 22:07:15,,1,2,,
309,12203035,Tono Sihombing,Drop Out,Fisika,2025-11-24 22:07:15,,1,3,,
310,12204035,Rizky Purwanto,Aktif,Kimia,2025-11-24 22:07:15,,1,5,,
311,12405035,Lestari Mahendra,Cuti,Biologi,2025-11-24 22:07:15,,1,4,,
312,12406035,Galih Lestari,Aktif,Farmasi,2025-11-24 22:07:15,,1,6,,
313,12207035,Galih Nainggolan,Lulus,Sains Lingkungan Kelautan,2025-11-24 22:07:15,,1,7,,
314,12308035,Kartika Hutabarat,Drop Out,Sains Atmosfer Keplanetan,2025-11-24 22:07:15,,1,8,,
315,12209035,Tono Susanto,Cuti,Sains Aktuaria,2025-11-24 22:07:15,,1,9,,
316,12301036,Sari Saputra,Cuti,Sains Data,2025-11-24 22:07:15,,1,1,,
317,12202036,Damar Anggraini,Drop Out,Matematika,2025-11-24 22:07:15,,1,2,,
318,12003036,Putri Anggraini,Cuti,Fisika,2025-11-24 22:07:15,,1,3,,
319,12204036,Lestari Anggraini,Drop Out,Kimia,2025-11-24 22:07:15,,1,5,,
320,12105036,Indra Santoso,Cuti,Biologi,2025-11-24 22:07:15,,1,4,,
321,12106036,Utami Santoso,Drop Out,Farmasi,2025-11-24 22:07:15,,1,6,,
322,12407036,Rizky Setiawan,Drop Out,Sains Lingkungan Kelautan,2025-11-24 22:07:15,,1,7,,
323,12308036,Putri Wijaya,Drop Out,Sains Atmosfer Keplanetan,2025-11-24 22:07:15,,1,8,,
324,12309036,Eka Purwanto,Drop Out,Sains Aktuaria,2025-11-24 22:07:15,,1,9,,
325,12001037,Galih Gunawan,Cuti,Sains Data,2025-11-24 22:07:15,,1,1,,
326,12002037,Galih Mahendra,Cuti,Matematika,2025-11-24 22:07:15,,1,2,,
327,12003037,Yusuf Tambunan,Drop Out,Fisika,2025-11-24 22:07:15,,1,3,,
328,12204037,Dewi Lestari,Drop Out,Kimia,2025-11-24 22:07:15,,1,5,,
329,12105037,Hari Lestari,Cuti,Biologi,2025-11-24 22:07:15,,1,4,,
330,12006037,Fajar Sihombing,Aktif,Farmasi,2025-11-24 22:07:15,,1,6,,
331,12207037,Utami Anggraini,Aktif,Sains Lingkungan Kelautan,2025-11-24 22:07:15,,1,7,,
332,12308037,Agus Santoso,Drop Out,Sains Atmosfer Keplanetan,2025-11-24 22:07:15,,1,8,,
333,12009037,Budi Wibowo,Aktif,Sains Aktuaria,2025-11-24 22:07:15,,1,9,,
334,12201038,Ika Pratama,Drop Out,Sains Data,2025-11-24 22:07:15,,1,1,,
335,12302038,Ika Susanto,Lulus,Matematika,2025-11-24 22:07:15,,1,2,,
336,12203038,Yusuf Pratama,Drop Out,Fisika,2025-11-24 22:07:15,,1,3,,
337,12204038,Hadi Sihombing,Cuti,Kimia,2025-11-24 22:07:15,,1,5,,
338,12005038,Lestari Siregar,Lulus,Biologi,2025-11-24 22:07:15,,1,4,,
339,12306038,Indra Mahendra,Aktif,Farmasi,2025-11-24 22:07:15,,1,6,,
340,12307038,Kartika Hutabarat,Cuti,Sains Lingkungan Kelautan,2025-11-24 22:07:15,,1,7,,
341,12408038,Nanda Sihombing,Aktif,Sains Atmosfer Keplanetan,2025-11-24 22:07:15,,1,8,,
342,12409038,Hadi Pratama,Cuti,Sains Aktuaria,2025-11-24 22:07:15,,1,9,,
343,12101039,Ahmad Sihombing,Drop Out,Sains Data,2025-11-24 22:07:15,,1,1,,
344,12202039,Jihan Nasution,Aktif,Matematika,2025-11-24 22:07:15,,1,2,,
345,12203039,Kartika Siregar,Cuti,Fisika,2025-11-24 22:07:15,,1,3,,
346,12004039,Hadi Hutabarat,Lulus,Kimia,2025-11-24 22:07:15,,1,5,,
347,12205039,Agus Nainggolan,Cuti,Biologi,2025-11-24 22:07:15,,1,4,,
348,12206039,Bayu Hutabarat,Lulus,Farmasi,2025-11-24 22:07:15,,1,6,,
349,12107039,Maria Santoso,Cuti,Sains Lingkungan Kelautan,2025-11-24 22:07:15,,1,7,,
350,12408039,Sari Saputra,Lulus,Sains Atmosfer Keplanetan,2025-11-24 22:07:15,,1,8,,
351,12009039,Lestari Gunawan,Lulus,Sains Aktuaria,2025-11-24 22:07:15,,1,9,,
352,12001040,Fina Gunawan,Drop Out,Sains Data,2025-11-24 22:07:15,,1,1,,
353,12402040,Kartika Gunawan,Drop Out,Matematika,2025-11-24 22:07:15,,1,2,,
354,12303040,Damar Nasution,Cuti,Fisika,2025-11-24 22:07:15,,1,3,,
355,12204040,Sari Santoso,Lulus,Kimia,2025-11-24 22:07:15,,1,5,,
356,12205040,Indra Simanjuntak,Cuti,Biologi,2025-11-24 22:07:15,,1,4,,
357,12106040,Utami Simanjuntak,Lulus,Farmasi,2025-11-24 22:07:15,,1,6,,
358,12107040,Citra Santoso,Drop Out,Sains Lingkungan Kelautan,2025-11-24 22:07:15,,1,7,,
359,12008040,Sari Anggraini,Drop Out,Sains Atmosfer Keplanetan,2025-11-24 22:07:15,,1,8,,
360,12109040,Galih Nasution,Aktif,Sains Aktuaria,2025-11-24 22:07:15,,1,9,,
361,12101041,Fina Gunawan,Cuti,Sains Data,2025-11-24 22:07:15,,1,1,,
362,12302041,Utami Nasution,Drop Out,Matematika,2025-11-24 22:07:15,,1,2,,
363,12303041,Hari Tambunan,Lulus,Fisika,2025-11-24 22:07:15,,1,3,,
364,12204041,Galih Siregar,Aktif,Kimia,2025-11-24 22:07:15,,1,5,,
365,12405041,Agus Gunawan,Aktif,Biologi,2025-11-24 22:07:15,,1,4,,
366,12306041,Hadi Hutapea,Drop Out,Farmasi,2025-11-24 22:07:15,,1,6,,
367,12107041,Fina Nasution,Cuti,Sains Lingkungan Kelautan,2025-11-24 22:07:15,,1,7,,
368,12008041,Fina Simanjuntak,Cuti,Sains Atmosfer Keplanetan,2025-11-24 22:07:15,,1,8,,
369,12109041,Dewi Setiawan,Drop Out,Sains Aktuaria,2025-11-24 22:07:15,,1,9,,
370,12301042,Clara Gunawan,Lulus,Sains Data,2025-11-24 22:07:15,,1,1,,
371,12402042,Budi Hutapea,Lulus,Matematika,2025-11-24 22:07:15,,1,2,,
372,12003042,Maria Hutabarat,Lulus,Fisika,2025-11-24 22:07:15,,1,3,,
373,12004042,Maria Wijaya,Aktif,Kimia,2025-11-24 22:07:15,,1,5,,
374,12405042,Yusuf Pratama,Lulus,Biologi,2025-11-24 22:07:15,,1,4,,
375,12306042,Yusuf Nasution,Aktif,Farmasi,2025-11-24 22:07:15,,1,6,,
376,12007042,Indra Hutabarat,Drop Out,Sains Lingkungan Kelautan,2025-11-24 22:07:15,,1,7,,
377,12408042,Nanda Hutabarat,Drop Out,Sains Atmosfer Keplanetan,2025-11-24 22:07:15,,1,8,,
378,12409042,Bayu Hutabarat,Aktif,Sains Aktuaria,2025-11-24 22:07:15,,1,9,,
379,12001043,Joko Susanto,Drop Out,Sains Data,2025-11-24 22:07:15,,1,1,,
380,12002043,Bayu Nainggolan,Lulus,Matematika,2025-11-24 22:07:15,,1,2,,
381,12203043,Agus Nasution,Lulus,Fisika,2025-11-24 22:07:15,,1,3,,
382,12404043,Ahmad Santoso,Drop Out,Kimia,2025-11-24 22:07:15,,1,5,,
383,12105043,Joko Susanto,Cuti,Biologi,2025-11-24 22:07:15,,1,4,,
384,12106043,Yusuf Wijaya,Aktif,Farmasi,2025-11-24 22:07:15,,1,6,,
385,12207043,Yusuf Sihombing,Lulus,Sains Lingkungan Kelautan,2025-11-24 22:07:15,,1,7,,
386,12408043,Sari Wijaya,Cuti,Sains Atmosfer Keplanetan,2025-11-24 22:07:15,,1,8,,
387,12409043,Gita Lestari,Cuti,Sains Aktuaria,2025-11-24 22:07:15,,1,9,,
388,12101044,Ika Siregar,Drop Out,Sains Data,2025-11-24 22:07:15,,1,1,,
389,12002044,Tono Wibowo,Drop Out,Matematika,2025-11-24 22:07:15,,1,2,,
390,12203044,Nanda Anggraini,Aktif,Fisika,2025-11-24 22:07:15,,1,3,,
391,12204044,Ika Mahendra,Cuti,Kimia,2025-11-24 22:07:15,,1,5,,
392,12405044,Indra Wibowo,Drop Out,Biologi,2025-11-24 22:07:15,,1,4,,
393,12406044,Agus Tambunan,Drop Out,Farmasi,2025-11-24 22:07:15,,1,6,,
394,12107044,Fajar Hutabarat,Aktif,Sains Lingkungan Kelautan,2025-11-24 22:07:15,,1,7,,
395,12408044,Clara Hutabarat,Drop Out,Sains Atmosfer Keplanetan,2025-11-24 22:07:15,,1,8,,
396,12209044,Galih Purwanto,Drop Out,Sains Aktuaria,2025-11-24 22:07:15,,1,9,,
397,12401045,Kartika Anggraini,Drop Out,Sains Data,2025-11-24 22:07:15,,1,1,,
398,12402045,Jihan Gunawan,Drop Out,Matematika,2025-11-24 22:07:15,,1,2,,
399,12103045,Citra Nasution,Cuti,Fisika,2025-11-24 22:07:15,,1,3,,
400,12304045,Gita Santoso,Aktif,Kimia,2025-11-24 22:07:15,,1,5,,
401,12205045,Clara Hutabarat,Drop Out,Biologi,2025-11-24 22:07:15,,1,4,,
402,12006045,Citra Simanjuntak,Lulus,Farmasi,2025-11-24 22:07:15,,1,6,,
403,12407045,Eka Santoso,Cuti,Sains Lingkungan Kelautan,2025-11-24 22:07:15,,1,7,,
404,12408045,Jihan Santoso,Lulus,Sains Atmosfer Keplanetan,2025-11-24 22:07:15,,1,8,,
405,12209045,Maria Gunawan,Lulus,Sains Aktuaria,2025-11-24 22:07:15,,1,9,,
406,12101046,Joko Gunawan,Aktif,Sains Data,2025-11-24 22:07:15,,1,1,,
407,12202046,Galih Santoso,Cuti,Matematika,2025-11-24 22:07:15,,1,2,,
408,12203046,Yusuf Wibowo,Drop Out,Fisika,2025-11-24 22:07:15,,1,3,,
409,12204046,Galih Hutapea,Drop Out,Kimia,2025-11-24 22:07:15,,1,5,,
410,12105046,Budi Gunawan,Cuti,Biologi,2025-11-24 22:07:15,,1,4,,
411,12206046,Evi Saputra,Cuti,Farmasi,2025-11-24 22:07:15,,1,6,,
412,12207046,Jihan Anggraini,Lulus,Sains Lingkungan Kelautan,2025-11-24 22:07:15,,1,7,,
413,12008046,Damar Hutapea,Aktif,Sains Atmosfer Keplanetan,2025-11-24 22:07:15,,1,8,,
414,12309046,Joko Gunawan,Lulus,Sains Aktuaria,2025-11-24 22:07:15,,1,9,,
415,12201047,Dewi Saputra,Aktif,Sains Data,2025-11-24 22:07:15,,1,1,,
416,12102047,Nanda Santoso,Aktif,Matematika,2025-11-24 22:07:15,,1,2,,
417,12103047,Eka Hutabarat,Lulus,Fisika,2025-11-24 22:07:15,,1,3,,
418,12204047,Nanda Pratama,Cuti,Kimia,2025-11-24 22:07:15,,1,5,,
419,12405047,Indra Gunawan,Lulus,Biologi,2025-11-24 22:07:15,,1,4,,
420,12106047,Utami Nainggolan,Lulus,Farmasi,2025-11-24 22:07:15,,1,6,,
421,12407047,Gita Nasution,Drop Out,Sains Lingkungan Kelautan,2025-11-24 22:07:15,,1,7,,
422,12008047,Joko Anggraini,Aktif,Sains Atmosfer Keplanetan,2025-11-24 22:07:15,,1,8,,
423,12209047,Putri Mahendra,Lulus,Sains Aktuaria,2025-11-24 22:07:15,,1,9,,
424,12201048,Nanda Purwanto,Cuti,Sains Data,2025-11-24 22:07:15,,1,1,,
425,12302048,Joko Lestari,Drop Out,Matematika,2025-11-24 22:07:15,,1,2,,
426,12403048,Indra Pratama,Drop Out,Fisika,2025-11-24 22:07:15,,1,3,,
427,12104048,Eka Wibowo,Aktif,Kimia,2025-11-24 22:07:15,,1,5,,
428,12305048,Joko Mahendra,Lulus,Biologi,2025-11-24 22:07:15,,1,4,,
429,12306048,Evi Lestari,Aktif,Farmasi,2025-11-24 22:07:15,,1,6,,
430,12007048,Nanda Mahendra,Lulus,Sains Lingkungan Kelautan,2025-11-24 22:07:15,,1,7,,
431,12008048,Indra Pratama,Cuti,Sains Atmosfer Keplanetan,2025-11-24 22:07:15,,1,8,,
432,12409048,Utami Nainggolan,Aktif,Sains Aktuaria,2025-11-24 22:07:15,,1,9,,
433,12201049,Putri Sihombing,Drop Out,Sains Data,2025-11-24 22:07:15,,1,1,,
434,12102049,Ika Purwanto,Cuti,Matematika,2025-11-24 22:07:15,,1,2,,
435,12403049,Joko Sihombing,Cuti,Fisika,2025-11-24 22:07:15,,1,3,,
436,12404049,Sari Susanto,Lulus,Kimia,2025-11-24 22:07:15,,1,5,,
437,12205049,Jihan Nainggolan,Cuti,Biologi,2025-11-24 22:07:15,,1,4,,
438,12406049,Utami Susanto,Lulus,Farmasi,2025-11-24 22:07:15,,1,6,,
439,12007049,Ahmad Gunawan,Cuti,Sains Lingkungan Kelautan,2025-11-24 22:07:15,,1,7,,
440,12208049,Indra Anggraini,Aktif,Sains Atmosfer Keplanetan,2025-11-24 22:07:15,,1,8,,
441,12109049,Putri Hutapea,Aktif,Sains Aktuaria,2025-11-24 22:07:15,,1,9,,
442,12101050,Fina Setiawan,Lulus,Sains Data,2025-11-24 22:07:15,,1,1,,
443,12402050,Agus Nasution,Lulus,Matematika,2025-11-24 22:07:15,,1,2,,
444,12303050,Putri Nasution,Aktif,Fisika,2025-11-24 22:07:15,,1,3,,
445,12204050,Yusuf Pratama,Aktif,Kimia,2025-11-24 22:07:15,,1,5,,
446,12005050,Putri Nainggolan,Cuti,Biologi,2025-11-24 22:07:15,,1,4,,
447,12306050,Utami Wibowo,Cuti,Farmasi,2025-11-24 22:07:15,,1,6,,
448,12307050,Galih Simanjuntak,Cuti,Sains Lingkungan Kelautan,2025-11-24 22:07:15,,1,7,,
449,12208050,Lestari Anggraini,Drop Out,Sains Atmosfer Keplanetan,2025-11-24 22:07:15,,1,8,,
450,12409050,Clara Hutabarat,Lulus,Sains Aktuaria,2025-11-24 22:07:15,,1,9,,
451,12301051,Putri Anggraini,Lulus,Sains Data,2025-11-24 22:07:15,,1,1,,
452,12102051,Hari Nainggolan,Aktif,Matematika,2025-11-24 22:07:15,,1,2,,
453,12403051,Agus Susanto,Lulus,Fisika,2025-11-24 22:07:15,,1,3,,
454,12304051,Agus Hutabarat,Lulus,Kimia,2025-11-24 22:07:15,,1,5,,
455,12005051,Ika Siregar,Drop Out,Biologi,2025-11-24 22:07:15,,1,4,,
456,12306051,Fajar Nainggolan,Aktif,Farmasi,2025-11-24 22:07:15,,1,6,,
457,12407051,Putri Hutabarat,Drop Out,Sains Lingkungan Kelautan,2025-11-24 22:07:15,,1,7,,
458,12208051,Damar Nainggolan,Lulus,Sains Atmosfer Keplanetan,2025-11-24 22:07:15,,1,8,,
459,12209051,Hadi Wijaya,Lulus,Sains Aktuaria,2025-11-24 22:07:15,,1,9,,
460,12401052,Jihan Hutabarat,Cuti,Sains Data,2025-11-24 22:07:15,,1,1,,
461,12202052,Rizky Pratama,Cuti,Matematika,2025-11-24 22:07:15,,1,2,,
462,12303052,Nanda Setiawan,Cuti,Fisika,2025-11-24 22:07:15,,1,3,,
463,12104052,Citra Susanto,Lulus,Kimia,2025-11-24 22:07:15,,1,5,,
464,12005052,Lestari Mahendra,Lulus,Biologi,2025-11-24 22:07:15,,1,4,,
465,12306052,Yusuf Siregar,Lulus,Farmasi,2025-11-24 22:07:15,,1,6,,
466,12307052,Budi Nasution,Drop Out,Sains Lingkungan Kelautan,2025-11-24 22:07:15,,1,7,,
467,12008052,Eka Hutapea,Lulus,Sains Atmosfer Keplanetan,2025-11-24 22:07:15,,1,8,,
468,12309052,Putri Nainggolan,Drop Out,Sains Aktuaria,2025-11-24 22:07:15,,1,9,,
469,12401053,Budi Gunawan,Lulus,Sains Data,2025-11-24 22:07:15,,1,1,,
470,12302053,Kartika Susanto,Cuti,Matematika,2025-11-24 22:07:15,,1,2,,
471,12003053,Galih Tambunan,Drop Out,Fisika,2025-11-24 22:07:15,,1,3,,
472,12304053,Clara Setiawan,Lulus,Kimia,2025-11-24 22:07:15,,1,5,,
473,12305053,Agus Lestari,Lulus,Biologi,2025-11-24 22:07:15,,1,4,,
474,12306053,Budi Pratama,Cuti,Farmasi,2025-11-24 22:07:15,,1,6,,
475,12307053,Maria Setiawan,Cuti,Sains Lingkungan Kelautan,2025-11-24 22:07:15,,1,7,,
476,12108053,Eka Wibowo,Drop Out,Sains Atmosfer Keplanetan,2025-11-24 22:07:15,,1,8,,
477,12209053,Kartika Anggraini,Aktif,Sains Aktuaria,2025-11-24 22:07:15,,1,9,,
478,12101054,Agus Purwanto,Drop Out,Sains Data,2025-11-24 22:07:15,,1,1,,
479,12202054,Damar Setiawan,Drop Out,Matematika,2025-11-24 22:07:15,,1,2,,
480,12103054,Yusuf Santoso,Lulus,Fisika,2025-11-24 22:07:15,,1,3,,
481,12104054,Putri Tambunan,Cuti,Kimia,2025-11-24 22:07:15,,1,5,,
482,12305054,Damar Simanjuntak,Lulus,Biologi,2025-11-24 22:07:15,,1,4,,
483,12406054,Nanda Nasution,Drop Out,Farmasi,2025-11-24 22:07:15,,1,6,,
484,12307054,Yusuf Tambunan,Cuti,Sains Lingkungan Kelautan,2025-11-24 22:07:15,,1,7,,
485,12208054,Hari Simanjuntak,Cuti,Sains Atmosfer Keplanetan,2025-11-24 22:07:15,,1,8,,
486,12009054,Damar Pratama,Aktif,Sains Aktuaria,2025-11-24 22:07:15,,1,9,,
487,12201055,Agus Sihombing,Cuti,Sains Data,2025-11-24 22:07:15,,1,1,,
488,12302055,Damar Saputra,Aktif,Matematika,2025-11-24 22:07:15,,1,2,,
489,12303055,Evi Santoso,Drop Out,Fisika,2025-11-24 22:07:15,,1,3,,
490,12304055,Sari Nasution,Aktif,Kimia,2025-11-24 22:07:15,,1,5,,
491,12405055,Joko Tambunan,Cuti,Biologi,2025-11-24 22:07:15,,1,4,,
492,12106055,Joko Wibowo,Cuti,Farmasi,2025-11-24 22:07:15,,1,6,,
493,12307055,Budi Gunawan,Aktif,Sains Lingkungan Kelautan,2025-11-24 22:07:15,,1,7,,
494,12008055,Sari Setiawan,Drop Out,Sains Atmosfer Keplanetan,2025-11-24 22:07:15,,1,8,,
495,12109055,Dewi Tambunan,Drop Out,Sains Aktuaria,2025-11-24 22:07:15,,1,9,,
496,12401056,Evi Wibowo,Aktif,Sains Data,2025-11-24 22:07:15,,1,1,,
497,12102056,Evi Siregar,Aktif,Matematika,2025-11-24 22:07:15,,1,2,,
498,12103056,Maria Anggraini,Lulus,Fisika,2025-11-24 22:07:15,,1,3,,
499,12104056,Damar Wibowo,Cuti,Kimia,2025-11-24 22:07:15,,1,5,,
500,12205056,Nanda Hutabarat,Cuti,Biologi,2025-11-24 22:07:15,,1,4,,